[
  {
    "model": "api.team",
    "pk": "75cb170d-6a49-56dd-8f93-805c9318fe61",
    "fields": {
      "name": "Team2",
      "city": "",
      "is_active": true,
      "created_at": "2025-09-11T00:00:00Z",
      "updated_at": "2025-09-11T00:00:00Z"
    }
  },
  {
    "model": "api.team",
    "pk": "277f9e4f-0a3c-5d1b-8194-5bb47780bb8a",
    "fields": {
      "name": "Havelsan \u0130stanbul Admin",
      "city": "",
      "is_active": true,
      "created_at": "2025-09-11T00:00:00Z",
      "updated_at": "2025-09-11T00:00:00Z"
    }
  },
  {
    "model": "api.team",
    "pk": "9d71605a-c94d-5a9d-8cac-698dd37e30d5",
    "fields": {
      "name": "Team1",
      "city": "",
      "is_active": true,
      "created_at": "2025-09-11T00:00:00Z",
      "updated_at": "2025-09-11T00:00:00Z"
    }
  },
  {
    "model": "api.team",
    "pk": "ab7528de-27e0-5111-b501-f66c1376eb2e",
    "fields": {
      "name": "Havelsan Istanbul",
      "city": "",
      "is_active": true,
      "created_at": "2025-09-11T00:00:00Z",
      "updated_at": "2025-09-11T00:00:00Z"
    }
  },
  {
    "model": "api.team",
    "pk": "5ffdfd7a-a4af-5bce-aa4f-c969f328d4d4",
    "fields": {
      "name": "Charmender",
      "city": "",
      "is_active": true,
      "created_at": "2025-09-11T00:00:00Z",
      "updated_at": "2025-09-11T00:00:00Z"
    }
  },
  {
    "model": "api.team",
    "pk": "c6c67fd9-84ed-573c-a65b-2fb659227877",
    "fields": {
      "name": "fb",
      "city": "",
      "is_active": true,
      "created_at": "2025-09-11T00:00:00Z",
      "updated_at": "2025-09-11T00:00:00Z"
    }
  },
  {
    "model": "api.team",
    "pk": "659efaa2-7e70-5561-84e0-20ea8690d734",
    "fields": {
      "name": "tt",
      "city": "",
      "is_active": true,
      "created_at": "2025-09-11T00:00:00Z",
      "updated_at": "2025-09-11T00:00:00Z"
    }
  },
  {
    "model": "api.team",
    "pk": "1a9937b7-452c-505e-9498-c4785d43ec11",
    "fields": {
      "name": "a1t",
      "city": "",
      "is_active": true,
      "created_at": "2025-09-11T00:00:00Z",
      "updated_at": "2025-09-11T00:00:00Z"
    }
  },
  {
    "model": "api.team",
    "pk": "85ccb0d2-5080-5c8f-8bf5-b1c560c94eea",
    "fields": {
      "name": "one team",
      "city": "",
      "is_active": true,
      "created_at": "2025-09-11T00:00:00Z",
      "updated_at": "2025-09-11T00:00:00Z"
    }
  },
  {
    "model": "api.team",
    "pk": "f7822339-e256-52fd-915a-d32a10af31f7",
    "fields": {
      "name": "robb",
      "city": "",
      "is_active": true,
      "created_at": "2025-09-11T00:00:00Z",
      "updated_at": "2025-09-11T00:00:00Z"
    }
  },
  {
    "model": "api.team",
    "pk": "bdfb3cef-d260-5174-b351-2c7d3fbfcc99",
    "fields": {
      "name": "test",
      "city": "",
      "is_active": true,
      "created_at": "2025-09-11T00:00:00Z",
      "updated_at": "2025-09-11T00:00:00Z"
    }
  },
  {
    "model": "api.team",
    "pk": "ebb4b558-d6dd-58c8-a1ef-4746d31baa0c",
    "fields": {
      "name": "afj",
      "city": "",
      "is_active": true,
      "created_at": "2025-09-11T00:00:00Z",
      "updated_at": "2025-09-11T00:00:00Z"
    }
  },
  {
    "model": "api.team",
    "pk": "061d1781-bec6-5a73-ba08-3f4db0fba596",
    "fields": {
      "name": "HAVELSAN ANKARA",
      "city": "",
      "is_active": true,
      "created_at": "2025-09-11T00:00:00Z",
      "updated_at": "2025-09-11T00:00:00Z"
    }
  },
  {
    "model": "api.team",
    "pk": "f7c31dd7-91f5-5925-b09c-afb4b2ff7e03",
    "fields": {
      "name": "tyra",
      "city": "",
      "is_active": true,
      "created_at": "2025-09-11T00:00:00Z",
      "updated_at": "2025-09-11T00:00:00Z"
    }
  },
  {
    "model": "api.team",
    "pk": "95865ef8-ad35-56f0-9626-2f6549936863",
    "fields": {
      "name": "Team Yey",
      "city": "",
      "is_active": true,
      "created_at": "2025-09-11T00:00:00Z",
      "updated_at": "2025-09-11T00:00:00Z"
    }
  },
  {
    "model": "api.team",
    "pk": "0b80e843-95b0-5a70-bf12-b7531a98d947",
    "fields": {
      "name": "test1",
      "city": "",
      "is_active": true,
      "created_at": "2025-09-11T00:00:00Z",
      "updated_at": "2025-09-11T00:00:00Z"
    }
  },
  {
    "model": "api.team",
    "pk": "0ba6e831-63e9-54e4-8650-7caba9643dc6",
    "fields": {
      "name": "Sidhu",
      "city": "",
      "is_active": true,
      "created_at": "2025-09-11T00:00:00Z",
      "updated_at": "2025-09-11T00:00:00Z"
    }
  },
  {
    "model": "api.person",
    "pk": "0b094155-8e0b-5a4e-8d81-8b433239f400",
    "fields": {
      "name": "claire grady",
      "phone": "+639691138914",
      "height": 160,
      "weight": 72,
      "side": 0,
      "profile_picture_url": "",
      "created_at": "2025-09-11T00:00:00Z",
      "updated_at": "2025-09-11T00:00:00Z"
    }
  },
  {
    "model": "api.person",
    "pk": "a438e14b-2d3b-5859-a01c-72dd5fee433c",
    "fields": {
      "name": "Bilal Metin ALTIN\u00d6Z",
      "phone": "5555555555",
      "height": 192,
      "weight": 79,
      "side": 0,
      "profile_picture_url": "",
      "created_at": "2025-09-11T00:00:00Z",
      "updated_at": "2025-09-11T00:00:00Z"
    }
  },
  {
    "model": "api.person",
    "pk": "bc175d8e-389a-5f81-aff0-5a86e8533dfc",
    "fields": {
      "name": "\u0130brahim Emirhan DEL\u0130BA\u015e",
      "phone": "5555555555",
      "height": 180,
      "weight": 84,
      "side": 0,
      "profile_picture_url": "",
      "created_at": "2025-09-11T00:00:00Z",
      "updated_at": "2025-09-11T00:00:00Z"
    }
  },
  {
    "model": "api.person",
    "pk": "a56358b6-932b-5a1c-bcc6-38eb911c0f70",
    "fields": {
      "name": "Nazl\u0131 Selin B\u0130LG\u0130N",
      "phone": "55555555",
      "height": 165,
      "weight": 51,
      "side": 1,
      "profile_picture_url": "",
      "created_at": "2025-09-11T00:00:00Z",
      "updated_at": "2025-09-11T00:00:00Z"
    }
  },
  {
    "model": "api.person",
    "pk": "8b2f5401-1a17-5b06-af71-afba96235e61",
    "fields": {
      "name": "Yavuz SEL\u0130MO\u011eLU",
      "phone": "5555555555",
      "height": 187,
      "weight": 90,
      "side": 1,
      "profile_picture_url": "",
      "created_at": "2025-09-11T00:00:00Z",
      "updated_at": "2025-09-11T00:00:00Z"
    }
  },
  {
    "model": "api.person",
    "pk": "a8b301e7-efd6-57cb-98e2-2f0b495b1e51",
    "fields": {
      "name": "Ozan KARA",
      "phone": "55555555",
      "height": 184,
      "weight": 92,
      "side": 1,
      "profile_picture_url": "",
      "created_at": "2025-09-11T00:00:00Z",
      "updated_at": "2025-09-11T00:00:00Z"
    }
  },
  {
    "model": "api.person",
    "pk": "99369a67-d8f0-5336-8363-09c3384119e8",
    "fields": {
      "name": "Ozan ZIPLAR",
      "phone": "5555555555",
      "height": 174,
      "weight": 83,
      "side": 0,
      "profile_picture_url": "",
      "created_at": "2025-09-11T00:00:00Z",
      "updated_at": "2025-09-11T00:00:00Z"
    }
  },
  {
    "model": "api.person",
    "pk": "047c2484-c924-5681-8fd7-91501431585d",
    "fields": {
      "name": "Ahmet VATANSEVER",
      "phone": "55555555",
      "height": 180,
      "weight": 70,
      "side": 2,
      "profile_picture_url": "",
      "created_at": "2025-09-11T00:00:00Z",
      "updated_at": "2025-09-11T00:00:00Z"
    }
  },
  {
    "model": "api.person",
    "pk": "987b4302-bd87-5e8e-b8f5-4853d080684d",
    "fields": {
      "name": "Cans\u0131n BA\u015eAY",
      "phone": "5555555555",
      "height": 171,
      "weight": 66,
      "side": 1,
      "profile_picture_url": "",
      "created_at": "2025-09-11T00:00:00Z",
      "updated_at": "2025-09-11T00:00:00Z"
    }
  },
  {
    "model": "api.person",
    "pk": "ec49040d-50c4-5b6e-a37f-8b22070adde9",
    "fields": {
      "name": "G\u00fcrsoy DURMU\u015e",
      "phone": "55555555",
      "height": 168,
      "weight": 72,
      "side": 0,
      "profile_picture_url": "",
      "created_at": "2025-09-11T00:00:00Z",
      "updated_at": "2025-09-11T00:00:00Z"
    }
  },
  {
    "model": "api.person",
    "pk": "1c11a901-6e74-547f-8870-1609824f83ed",
    "fields": {
      "name": "G\u00f6zde ALTIN",
      "phone": "5555555555",
      "height": 160,
      "weight": 56,
      "side": 1,
      "profile_picture_url": "",
      "created_at": "2025-09-11T00:00:00Z",
      "updated_at": "2025-09-11T00:00:00Z"
    }
  },
  {
    "model": "api.person",
    "pk": "2be647c8-38b8-587b-8a42-27e53cdd21ba",
    "fields": {
      "name": "S\u00fceda \u015eEN",
      "phone": "55555555",
      "height": 163,
      "weight": 64,
      "side": 0,
      "profile_picture_url": "",
      "created_at": "2025-09-11T00:00:00Z",
      "updated_at": "2025-09-11T00:00:00Z"
    }
  },
  {
    "model": "api.person",
    "pk": "bc0a46b3-a30a-549e-877b-4c862de56f99",
    "fields": {
      "name": "Hikmet D\u0130N\u00c7ER",
      "phone": "55555555",
      "height": 183,
      "weight": 82,
      "side": 2,
      "profile_picture_url": "",
      "created_at": "2025-09-11T00:00:00Z",
      "updated_at": "2025-09-11T00:00:00Z"
    }
  },
  {
    "model": "api.person",
    "pk": "f1f14ab0-7f31-5821-8383-520ca7425300",
    "fields": {
      "name": "Mehmet AYAZ",
      "phone": "5555555555",
      "height": 179,
      "weight": 77,
      "side": 0,
      "profile_picture_url": "",
      "created_at": "2025-09-11T00:00:00Z",
      "updated_at": "2025-09-11T00:00:00Z"
    }
  },
  {
    "model": "api.person",
    "pk": "2b6a6565-5357-50eb-8677-b5ba55a6e07b",
    "fields": {
      "name": "Temel G\u0130L\u0130T",
      "phone": "5555555555",
      "height": 167,
      "weight": 80,
      "side": 1,
      "profile_picture_url": "",
      "created_at": "2025-09-11T00:00:00Z",
      "updated_at": "2025-09-11T00:00:00Z"
    }
  },
  {
    "model": "api.person",
    "pk": "f4fd2036-3652-52f9-89ba-1361928758e8",
    "fields": {
      "name": "Orkun GEN\u00c7O\u011eLU",
      "phone": "5555555555",
      "height": 180,
      "weight": 82,
      "side": 0,
      "profile_picture_url": "",
      "created_at": "2025-09-11T00:00:00Z",
      "updated_at": "2025-09-11T00:00:00Z"
    }
  },
  {
    "model": "api.person",
    "pk": "9cc0c04e-221c-5861-921d-60ebf38f3165",
    "fields": {
      "name": "Emre TA\u015e\u00c7IO\u011eLU",
      "phone": "5555555555",
      "height": 181,
      "weight": 91,
      "side": 1,
      "profile_picture_url": "",
      "created_at": "2025-09-11T00:00:00Z",
      "updated_at": "2025-09-11T00:00:00Z"
    }
  },
  {
    "model": "api.person",
    "pk": "20dc1227-85d8-5899-9bae-2adda81e195f",
    "fields": {
      "name": "Mehmet Tu\u011frul T\u00dcMT\u00dcRK",
      "phone": "55555555",
      "height": 172,
      "weight": 72,
      "side": 1,
      "profile_picture_url": "",
      "created_at": "2025-09-11T00:00:00Z",
      "updated_at": "2025-09-11T00:00:00Z"
    }
  },
  {
    "model": "api.person",
    "pk": "52b88a2d-c935-5cb4-ae90-efd4c333fe4c",
    "fields": {
      "name": "\u0130brahim Can MERCAN",
      "phone": "55555555",
      "height": 178,
      "weight": 94,
      "side": 1,
      "profile_picture_url": "",
      "created_at": "2025-09-11T00:00:00Z",
      "updated_at": "2025-09-11T00:00:00Z"
    }
  },
  {
    "model": "api.person",
    "pk": "9d5f2db3-d7c6-5daf-b308-950ce741684c",
    "fields": {
      "name": "An\u0131l CAN",
      "phone": "55555555",
      "height": 181,
      "weight": 87,
      "side": 1,
      "profile_picture_url": "",
      "created_at": "2025-09-11T00:00:00Z",
      "updated_at": "2025-09-11T00:00:00Z"
    }
  },
  {
    "model": "api.person",
    "pk": "683eca5c-a371-5af6-a6e2-332d3e979764",
    "fields": {
      "name": "Serap \u0130D\u0130NAK",
      "phone": "55555555",
      "height": 167,
      "weight": 52,
      "side": 2,
      "profile_picture_url": "",
      "created_at": "2025-09-11T00:00:00Z",
      "updated_at": "2025-09-11T00:00:00Z"
    }
  },
  {
    "model": "api.person",
    "pk": "1bcf50af-f27d-5dea-89d0-b1c6defc034d",
    "fields": {
      "name": "\u015e\u00fckriye AKINER",
      "phone": "55555555",
      "height": 160,
      "weight": 57,
      "side": 2,
      "profile_picture_url": "",
      "created_at": "2025-09-11T00:00:00Z",
      "updated_at": "2025-09-11T00:00:00Z"
    }
  },
  {
    "model": "api.person",
    "pk": "7329d8d3-190a-5df3-b8eb-5ba7cf81a3d9",
    "fields": {
      "name": "Mustafa \u00c7EL\u0130KBA\u015e",
      "phone": "5555555",
      "height": 189,
      "weight": 100,
      "side": 0,
      "profile_picture_url": "",
      "created_at": "2025-09-11T00:00:00Z",
      "updated_at": "2025-09-11T00:00:00Z"
    }
  },
  {
    "model": "api.person",
    "pk": "11bf2788-f86f-5caa-92b3-6af03b0774c3",
    "fields": {
      "name": "Serdar AY",
      "phone": "55555555",
      "height": 188,
      "weight": 95,
      "side": 0,
      "profile_picture_url": "",
      "created_at": "2025-09-11T00:00:00Z",
      "updated_at": "2025-09-11T00:00:00Z"
    }
  },
  {
    "model": "api.person",
    "pk": "1a3197e7-b736-5753-abca-b9b73d19d281",
    "fields": {
      "name": "Burak TA\u015eKIN",
      "phone": "55555555",
      "height": 177,
      "weight": 77,
      "side": 1,
      "profile_picture_url": "",
      "created_at": "2025-09-11T00:00:00Z",
      "updated_at": "2025-09-11T00:00:00Z"
    }
  },
  {
    "model": "api.person",
    "pk": "fa4779bc-831c-5e24-b687-60ee2bd79919",
    "fields": {
      "name": "Furkan KUMRAL",
      "phone": "55555555",
      "height": 180,
      "weight": 90,
      "side": 1,
      "profile_picture_url": "",
      "created_at": "2025-09-11T00:00:00Z",
      "updated_at": "2025-09-11T00:00:00Z"
    }
  },
  {
    "model": "api.person",
    "pk": "a868512f-335f-532a-b941-5acca2b9c27f",
    "fields": {
      "name": "U\u011fur ERDO\u011eAN",
      "phone": "55555555",
      "height": 188,
      "weight": 80,
      "side": 0,
      "profile_picture_url": "",
      "created_at": "2025-09-11T00:00:00Z",
      "updated_at": "2025-09-11T00:00:00Z"
    }
  },
  {
    "model": "api.person",
    "pk": "a2fa5136-71d4-52d8-8c12-6dfe0c703194",
    "fields": {
      "name": "Birg\u00fcl TOPRAK",
      "phone": "55555555",
      "height": 165,
      "weight": 56,
      "side": 0,
      "profile_picture_url": "",
      "created_at": "2025-09-11T00:00:00Z",
      "updated_at": "2025-09-11T00:00:00Z"
    }
  },
  {
    "model": "api.person",
    "pk": "b78cdb9a-4098-558a-aef8-6622f77b4195",
    "fields": {
      "name": "Sinem TOKER",
      "phone": "55555555",
      "height": 165,
      "weight": 54,
      "side": 2,
      "profile_picture_url": "",
      "created_at": "2025-09-11T00:00:00Z",
      "updated_at": "2025-09-11T00:00:00Z"
    }
  },
  {
    "model": "api.person",
    "pk": "4b9c150f-d29f-5fcc-99e6-c2ed60a8c8f0",
    "fields": {
      "name": "Pelin",
      "phone": "55555555",
      "height": 160,
      "weight": 49,
      "side": 0,
      "profile_picture_url": "",
      "created_at": "2025-09-11T00:00:00Z",
      "updated_at": "2025-09-11T00:00:00Z"
    }
  },
  {
    "model": "api.person",
    "pk": "cee53ef5-899b-5967-880d-a22e7b6ac21c",
    "fields": {
      "name": "Berker",
      "phone": "55555555",
      "height": 181,
      "weight": 96,
      "side": 2,
      "profile_picture_url": "deleted",
      "created_at": "2025-09-11T00:00:00Z",
      "updated_at": "2025-09-11T00:00:00Z"
    }
  },
  {
    "model": "api.person",
    "pk": "802cbb0b-3d7c-524f-87c1-1cf09fc866aa",
    "fields": {
      "name": "Sanaz",
      "phone": "55555555",
      "height": 160,
      "weight": 68,
      "side": 2,
      "profile_picture_url": "",
      "created_at": "2025-09-11T00:00:00Z",
      "updated_at": "2025-09-11T00:00:00Z"
    }
  },
  {
    "model": "api.person",
    "pk": "d57e5fc9-7244-5da9-a603-720edec6b540",
    "fields": {
      "name": "Nedret \u00d6ZAY",
      "phone": "55555555",
      "height": 182,
      "weight": 78,
      "side": 1,
      "profile_picture_url": "",
      "created_at": "2025-09-11T00:00:00Z",
      "updated_at": "2025-09-11T00:00:00Z"
    }
  },
  {
    "model": "api.person",
    "pk": "01d17e1f-410d-59d8-8a2b-8bbe3287c937",
    "fields": {
      "name": "Osman TOKER",
      "phone": "5555555555",
      "height": 175,
      "weight": 75,
      "side": 1,
      "profile_picture_url": "",
      "created_at": "2025-09-11T00:00:00Z",
      "updated_at": "2025-09-11T00:00:00Z"
    }
  },
  {
    "model": "api.person",
    "pk": "da9a6ccc-6631-51be-be49-cd0e70fae1b6",
    "fields": {
      "name": "Serb\u00fclent AYDINO\u011eLU",
      "phone": "5555555555",
      "height": 170,
      "weight": 70,
      "side": 1,
      "profile_picture_url": "",
      "created_at": "2025-09-11T00:00:00Z",
      "updated_at": "2025-09-11T00:00:00Z"
    }
  },
  {
    "model": "api.person",
    "pk": "85f0c497-c9e6-5a09-b7d4-775d106beeda",
    "fields": {
      "name": "Naz\u0131m Utku ATLI",
      "phone": "5555555555",
      "height": 176,
      "weight": 100,
      "side": 2,
      "profile_picture_url": "",
      "created_at": "2025-09-11T00:00:00Z",
      "updated_at": "2025-09-11T00:00:00Z"
    }
  },
  {
    "model": "api.person",
    "pk": "e3d47afd-377c-56e9-9edd-188920201391",
    "fields": {
      "name": "\u015eerif YE\u015e\u0130L",
      "phone": "5555555555",
      "height": 175,
      "weight": 75,
      "side": 0,
      "profile_picture_url": "",
      "created_at": "2025-09-11T00:00:00Z",
      "updated_at": "2025-09-11T00:00:00Z"
    }
  },
  {
    "model": "api.person",
    "pk": "b188f67d-5d28-5392-a639-a61b53de5cdb",
    "fields": {
      "name": "Seyit Ali \u00d6ZD\u0130L",
      "phone": "55555555",
      "height": 187,
      "weight": 89,
      "side": 0,
      "profile_picture_url": "",
      "created_at": "2025-09-11T00:00:00Z",
      "updated_at": "2025-09-11T00:00:00Z"
    }
  },
  {
    "model": "api.person",
    "pk": "dd3ccb17-a501-55d7-af47-ab422a1d7468",
    "fields": {
      "name": "Rasim YAMA\u00c7",
      "phone": "+905300686516",
      "height": 181,
      "weight": 82,
      "side": 0,
      "profile_picture_url": "",
      "created_at": "2025-09-11T00:00:00Z",
      "updated_at": "2025-09-11T00:00:00Z"
    }
  },
  {
    "model": "api.person",
    "pk": "51ea2d90-5e11-56e5-b3e5-df3e10e75852",
    "fields": {
      "name": "Ozan Kara",
      "phone": "+905319163377",
      "height": 183,
      "weight": 92,
      "side": 1,
      "profile_picture_url": "",
      "created_at": "2025-09-11T00:00:00Z",
      "updated_at": "2025-09-11T00:00:00Z"
    }
  },
  {
    "model": "api.person",
    "pk": "e7d96ce8-057b-5788-88d1-b00d3677e707",
    "fields": {
      "name": "ee",
      "phone": "",
      "height": 222,
      "weight": 111,
      "side": 0,
      "profile_picture_url": "",
      "created_at": "2025-09-11T00:00:00Z",
      "updated_at": "2025-09-11T00:00:00Z"
    }
  },
  {
    "model": "api.person",
    "pk": "920bb154-822c-5cb5-a944-d532707389eb",
    "fields": {
      "name": "test4567",
      "phone": "+16505554567",
      "height": 0,
      "weight": 0,
      "side": 1,
      "profile_picture_url": "",
      "created_at": "2025-09-11T00:00:00Z",
      "updated_at": "2025-09-11T00:00:00Z"
    }
  },
  {
    "model": "api.person",
    "pk": "fcee384a-97fc-5afe-834b-d458c8c7bb35",
    "fields": {
      "name": "Rasim",
      "phone": "+905300686516",
      "height": 181,
      "weight": 82,
      "side": 0,
      "profile_picture_url": "",
      "created_at": "2025-09-11T00:00:00Z",
      "updated_at": "2025-09-11T00:00:00Z"
    }
  },
  {
    "model": "api.person",
    "pk": "be5fdf54-a19f-5c9b-9989-43d46df4bc1d",
    "fields": {
      "name": "Mustafa Tok",
      "phone": "+905063150204",
      "height": 172,
      "weight": 73,
      "side": 0,
      "profile_picture_url": "",
      "created_at": "2025-09-11T00:00:00Z",
      "updated_at": "2025-09-11T00:00:00Z"
    }
  },
  {
    "model": "api.person",
    "pk": "e3eef854-2aa6-5153-8d9f-f55e6b7c9ec8",
    "fields": {
      "name": "fatihoksuzoglu",
      "phone": "+905458426166",
      "height": 183,
      "weight": 92,
      "side": 1,
      "profile_picture_url": "",
      "created_at": "2025-09-11T00:00:00Z",
      "updated_at": "2025-09-11T00:00:00Z"
    }
  },
  {
    "model": "api.person",
    "pk": "b7220aef-8c85-5a0f-b9fd-b62c3ce59a32",
    "fields": {
      "name": "Osman TOKER",
      "phone": "+905353257898",
      "height": 175,
      "weight": 75,
      "side": 1,
      "profile_picture_url": "",
      "created_at": "2025-09-11T00:00:00Z",
      "updated_at": "2025-09-11T00:00:00Z"
    }
  },
  {
    "model": "api.person",
    "pk": "1789fa63-225c-51b5-b393-01c50b36a4d7",
    "fields": {
      "name": "Servet",
      "phone": "+905324948279",
      "height": 180,
      "weight": 80,
      "side": 1,
      "profile_picture_url": "",
      "created_at": "2025-09-11T00:00:00Z",
      "updated_at": "2025-09-11T00:00:00Z"
    }
  },
  {
    "model": "api.person",
    "pk": "8246ac04-4a6d-540f-9736-d28c07b1a39c",
    "fields": {
      "name": "aa",
      "phone": "",
      "height": 111,
      "weight": 22,
      "side": 0,
      "profile_picture_url": "",
      "created_at": "2025-09-11T00:00:00Z",
      "updated_at": "2025-09-11T00:00:00Z"
    }
  },
  {
    "model": "api.person",
    "pk": "fbb9907d-50a2-5e41-b5ac-8a5c22e40526",
    "fields": {
      "name": "aaaa",
      "phone": "0",
      "height": 200,
      "weight": 0,
      "side": 0,
      "profile_picture_url": "",
      "created_at": "2025-09-11T00:00:00Z",
      "updated_at": "2025-09-11T00:00:00Z"
    }
  },
  {
    "model": "api.person",
    "pk": "13a6af74-8785-565a-9058-77b3071f3cce",
    "fields": {
      "name": "Aykut",
      "phone": "+905309178994",
      "height": 186,
      "weight": 90,
      "side": 1,
      "profile_picture_url": "",
      "created_at": "2025-09-11T00:00:00Z",
      "updated_at": "2025-09-11T00:00:00Z"
    }
  },
  {
    "model": "api.person",
    "pk": "357f1611-5ce1-534f-b78e-00337e3462ba",
    "fields": {
      "name": "Gamze UGURLU",
      "phone": "",
      "height": 160,
      "weight": 65,
      "side": 1,
      "profile_picture_url": "",
      "created_at": "2025-09-11T00:00:00Z",
      "updated_at": "2025-09-11T00:00:00Z"
    }
  },
  {
    "model": "api.person",
    "pk": "9ac562dc-1dc7-5429-9b3a-55c864f72984",
    "fields": {
      "name": "yy",
      "phone": "+905057861206",
      "height": 182,
      "weight": 86,
      "side": 2,
      "profile_picture_url": "",
      "created_at": "2025-09-11T00:00:00Z",
      "updated_at": "2025-09-11T00:00:00Z"
    }
  },
  {
    "model": "api.person",
    "pk": "ea165fa2-3960-5a93-8f78-aecb1c266692",
    "fields": {
      "name": "Hoskins",
      "phone": "+16502149461",
      "height": 172,
      "weight": 75,
      "side": 0,
      "profile_picture_url": "",
      "created_at": "2025-09-11T00:00:00Z",
      "updated_at": "2025-09-11T00:00:00Z"
    }
  },
  {
    "model": "api.person",
    "pk": "35ea30b5-80c5-5797-b534-2a504849cc5f",
    "fields": {
      "name": "Murat DEMIROZ",
      "phone": "",
      "height": 180,
      "weight": 90,
      "side": 1,
      "profile_picture_url": "",
      "created_at": "2025-09-11T00:00:00Z",
      "updated_at": "2025-09-11T00:00:00Z"
    }
  },
  {
    "model": "api.person",
    "pk": "1cc71830-c360-5a88-a360-9bc5d4a282b4",
    "fields": {
      "name": "Serb\u00fclent AYDINO\u011eLU",
      "phone": "+905331397393",
      "height": 170,
      "weight": 78,
      "side": 1,
      "profile_picture_url": "",
      "created_at": "2025-09-11T00:00:00Z",
      "updated_at": "2025-09-11T00:00:00Z"
    }
  },
  {
    "model": "api.person",
    "pk": "cd2abc65-3975-576d-a730-396f79570881",
    "fields": {
      "name": "tyra mild",
      "phone": "+18582840400",
      "height": 160,
      "weight": 75,
      "side": 0,
      "profile_picture_url": "",
      "created_at": "2025-09-11T00:00:00Z",
      "updated_at": "2025-09-11T00:00:00Z"
    }
  },
  {
    "model": "api.person",
    "pk": "a03d6377-00aa-5ab1-a475-78e24648d26a",
    "fields": {
      "name": "test6878",
      "phone": "+16505556878",
      "height": 181,
      "weight": 83,
      "side": 0,
      "profile_picture_url": "deleted",
      "created_at": "2025-09-11T00:00:00Z",
      "updated_at": "2025-09-11T00:00:00Z"
    }
  },
  {
    "model": "api.person",
    "pk": "efc1378e-7179-59e6-82c7-5f28aae3064d",
    "fields": {
      "name": "aa",
      "phone": "",
      "height": 200,
      "weight": 110,
      "side": 0,
      "profile_picture_url": "",
      "created_at": "2025-09-11T00:00:00Z",
      "updated_at": "2025-09-11T00:00:00Z"
    }
  },
  {
    "model": "api.person",
    "pk": "3ca10a38-1a6b-5f82-b5ff-d44a6bbbeba1",
    "fields": {
      "name": "nash",
      "phone": "+16502534871",
      "height": 160,
      "weight": 50,
      "side": 1,
      "profile_picture_url": "",
      "created_at": "2025-09-11T00:00:00Z",
      "updated_at": "2025-09-11T00:00:00Z"
    }
  },
  {
    "model": "api.person",
    "pk": "63641878-97fe-5813-8fab-657a58031803",
    "fields": {
      "name": "Kelly ",
      "phone": "+18588807507",
      "height": 0,
      "weight": 0,
      "side": 0,
      "profile_picture_url": "",
      "created_at": "2025-09-11T00:00:00Z",
      "updated_at": "2025-09-11T00:00:00Z"
    }
  },
  {
    "model": "api.person",
    "pk": "eeb2b256-4736-5da4-b4f3-65e6c8863038",
    "fields": {
      "name": "aa",
      "phone": "",
      "height": 22,
      "weight": 22,
      "side": 0,
      "profile_picture_url": "",
      "created_at": "2025-09-11T00:00:00Z",
      "updated_at": "2025-09-11T00:00:00Z"
    }
  },
  {
    "model": "api.person",
    "pk": "ac78b80d-0d3c-5dd6-9815-247bb89da9c8",
    "fields": {
      "name": "sand",
      "phone": "",
      "height": 158,
      "weight": 50,
      "side": 0,
      "profile_picture_url": "",
      "created_at": "2025-09-11T00:00:00Z",
      "updated_at": "2025-09-11T00:00:00Z"
    }
  },
  {
    "model": "api.person",
    "pk": "31f35985-ac6e-5fe1-93b6-96c3926b090d",
    "fields": {
      "name": "robb",
      "phone": "+639691495352",
      "height": 156,
      "weight": 50,
      "side": 0,
      "profile_picture_url": "",
      "created_at": "2025-09-11T00:00:00Z",
      "updated_at": "2025-09-11T00:00:00Z"
    }
  },
  {
    "model": "api.person",
    "pk": "908d0432-e6f7-5773-b6f0-14453b0b31e3",
    "fields": {
      "name": "Nedret",
      "phone": "+905331397349",
      "height": 182,
      "weight": 78,
      "side": 1,
      "profile_picture_url": "",
      "created_at": "2025-09-11T00:00:00Z",
      "updated_at": "2025-09-11T00:00:00Z"
    }
  },
  {
    "model": "api.membership",
    "pk": "34721ab1-743d-58dd-b386-db403c13268a",
    "fields": {
      "person": "0b094155-8e0b-5a4e-8d81-8b433239f400",
      "team": "95865ef8-ad35-56f0-9626-2f6549936863",
      "role": 1,
      "joined_at": null,
      "left_at": null,
      "is_active": true,
      "created_at": "2025-09-11T00:00:00Z",
      "updated_at": "2025-09-11T00:00:00Z"
    }
  },
  {
    "model": "api.membership",
    "pk": "9e3cc271-3a41-5b37-ad7d-ae70c71136f6",
    "fields": {
      "person": "a438e14b-2d3b-5859-a01c-72dd5fee433c",
      "team": "277f9e4f-0a3c-5d1b-8194-5bb47780bb8a",
      "role": 0,
      "joined_at": null,
      "left_at": null,
      "is_active": true,
      "created_at": "2025-09-11T00:00:00Z",
      "updated_at": "2025-09-11T00:00:00Z"
    }
  },
  {
    "model": "api.membership",
    "pk": "c517cc7c-f89f-5fda-9ba5-6226694bf079",
    "fields": {
      "person": "bc175d8e-389a-5f81-aff0-5a86e8533dfc",
      "team": "277f9e4f-0a3c-5d1b-8194-5bb47780bb8a",
      "role": 0,
      "joined_at": null,
      "left_at": null,
      "is_active": true,
      "created_at": "2025-09-11T00:00:00Z",
      "updated_at": "2025-09-11T00:00:00Z"
    }
  },
  {
    "model": "api.membership",
    "pk": "3328f9e4-8315-50f3-a0a0-4337b3b936f0",
    "fields": {
      "person": "a56358b6-932b-5a1c-bcc6-38eb911c0f70",
      "team": "277f9e4f-0a3c-5d1b-8194-5bb47780bb8a",
      "role": 0,
      "joined_at": null,
      "left_at": null,
      "is_active": true,
      "created_at": "2025-09-11T00:00:00Z",
      "updated_at": "2025-09-11T00:00:00Z"
    }
  },
  {
    "model": "api.membership",
    "pk": "b6125945-0ae7-5d80-8a1d-0e99e381c878",
    "fields": {
      "person": "8b2f5401-1a17-5b06-af71-afba96235e61",
      "team": "277f9e4f-0a3c-5d1b-8194-5bb47780bb8a",
      "role": 0,
      "joined_at": null,
      "left_at": null,
      "is_active": true,
      "created_at": "2025-09-11T00:00:00Z",
      "updated_at": "2025-09-11T00:00:00Z"
    }
  },
  {
    "model": "api.membership",
    "pk": "2eeda0fc-e436-579e-befd-88eb7f8b9c33",
    "fields": {
      "person": "99369a67-d8f0-5336-8363-09c3384119e8",
      "team": "277f9e4f-0a3c-5d1b-8194-5bb47780bb8a",
      "role": 0,
      "joined_at": null,
      "left_at": null,
      "is_active": true,
      "created_at": "2025-09-11T00:00:00Z",
      "updated_at": "2025-09-11T00:00:00Z"
    }
  },
  {
    "model": "api.membership",
    "pk": "aa8637f8-2c6d-5332-bb9d-635fe9120c10",
    "fields": {
      "person": "1c11a901-6e74-547f-8870-1609824f83ed",
      "team": "277f9e4f-0a3c-5d1b-8194-5bb47780bb8a",
      "role": 0,
      "joined_at": null,
      "left_at": null,
      "is_active": true,
      "created_at": "2025-09-11T00:00:00Z",
      "updated_at": "2025-09-11T00:00:00Z"
    }
  },
  {
    "model": "api.membership",
    "pk": "1d73c681-e885-52f8-b658-6062ea413da8",
    "fields": {
      "person": "2be647c8-38b8-587b-8a42-27e53cdd21ba",
      "team": "277f9e4f-0a3c-5d1b-8194-5bb47780bb8a",
      "role": 0,
      "joined_at": null,
      "left_at": null,
      "is_active": true,
      "created_at": "2025-09-11T00:00:00Z",
      "updated_at": "2025-09-11T00:00:00Z"
    }
  },
  {
    "model": "api.membership",
    "pk": "348387cb-ea10-50fb-af82-053c50ce59ef",
    "fields": {
      "person": "bc0a46b3-a30a-549e-877b-4c862de56f99",
      "team": "277f9e4f-0a3c-5d1b-8194-5bb47780bb8a",
      "role": 0,
      "joined_at": null,
      "left_at": null,
      "is_active": true,
      "created_at": "2025-09-11T00:00:00Z",
      "updated_at": "2025-09-11T00:00:00Z"
    }
  },
  {
    "model": "api.membership",
    "pk": "ef75ca02-2839-5820-818e-29fed2817896",
    "fields": {
      "person": "f1f14ab0-7f31-5821-8383-520ca7425300",
      "team": "277f9e4f-0a3c-5d1b-8194-5bb47780bb8a",
      "role": 0,
      "joined_at": null,
      "left_at": null,
      "is_active": true,
      "created_at": "2025-09-11T00:00:00Z",
      "updated_at": "2025-09-11T00:00:00Z"
    }
  },
  {
    "model": "api.membership",
    "pk": "e9583ec1-1d24-5058-96b7-b9d0fe84dbdb",
    "fields": {
      "person": "2b6a6565-5357-50eb-8677-b5ba55a6e07b",
      "team": "277f9e4f-0a3c-5d1b-8194-5bb47780bb8a",
      "role": 0,
      "joined_at": null,
      "left_at": null,
      "is_active": true,
      "created_at": "2025-09-11T00:00:00Z",
      "updated_at": "2025-09-11T00:00:00Z"
    }
  },
  {
    "model": "api.membership",
    "pk": "32fc0776-f6d1-58bd-81c2-eb6f783a879e",
    "fields": {
      "person": "f4fd2036-3652-52f9-89ba-1361928758e8",
      "team": "277f9e4f-0a3c-5d1b-8194-5bb47780bb8a",
      "role": 0,
      "joined_at": null,
      "left_at": null,
      "is_active": true,
      "created_at": "2025-09-11T00:00:00Z",
      "updated_at": "2025-09-11T00:00:00Z"
    }
  },
  {
    "model": "api.membership",
    "pk": "19b429ef-f3cf-550f-8676-ae2b2b9e08ae",
    "fields": {
      "person": "45ae5ce5-6f91-54f4-a5f1-559a06e87460",
      "team": "277f9e4f-0a3c-5d1b-8194-5bb47780bb8a",
      "role": 0,
      "joined_at": null,
      "left_at": null,
      "is_active": true,
      "created_at": "2025-09-11T00:00:00Z",
      "updated_at": "2025-09-11T00:00:00Z"
    }
  },
  {
    "model": "api.membership",
    "pk": "46db357f-49d9-52ff-a302-cfa9fa537cd9",
    "fields": {
      "person": "9cc0c04e-221c-5861-921d-60ebf38f3165",
      "team": "277f9e4f-0a3c-5d1b-8194-5bb47780bb8a",
      "role": 0,
      "joined_at": null,
      "left_at": null,
      "is_active": true,
      "created_at": "2025-09-11T00:00:00Z",
      "updated_at": "2025-09-11T00:00:00Z"
    }
  },
  {
    "model": "api.membership",
    "pk": "fae32ff5-e8eb-5292-9726-e9051d36213c",
    "fields": {
      "person": "20dc1227-85d8-5899-9bae-2adda81e195f",
      "team": "277f9e4f-0a3c-5d1b-8194-5bb47780bb8a",
      "role": 0,
      "joined_at": null,
      "left_at": null,
      "is_active": true,
      "created_at": "2025-09-11T00:00:00Z",
      "updated_at": "2025-09-11T00:00:00Z"
    }
  },
  {
    "model": "api.membership",
    "pk": "70224bab-eb6e-5672-9175-4c16be5c0cbc",
    "fields": {
      "person": "9d5f2db3-d7c6-5daf-b308-950ce741684c",
      "team": "277f9e4f-0a3c-5d1b-8194-5bb47780bb8a",
      "role": 0,
      "joined_at": null,
      "left_at": null,
      "is_active": true,
      "created_at": "2025-09-11T00:00:00Z",
      "updated_at": "2025-09-11T00:00:00Z"
    }
  },
  {
    "model": "api.membership",
    "pk": "209e23bc-e3b7-5db4-83e0-d05d131932d0",
    "fields": {
      "person": "7329d8d3-190a-5df3-b8eb-5ba7cf81a3d9",
      "team": "277f9e4f-0a3c-5d1b-8194-5bb47780bb8a",
      "role": 0,
      "joined_at": null,
      "left_at": null,
      "is_active": true,
      "created_at": "2025-09-11T00:00:00Z",
      "updated_at": "2025-09-11T00:00:00Z"
    }
  },
  {
    "model": "api.membership",
    "pk": "bb47cb1f-5510-503b-86b2-65b81ffdfe05",
    "fields": {
      "person": "11bf2788-f86f-5caa-92b3-6af03b0774c3",
      "team": "277f9e4f-0a3c-5d1b-8194-5bb47780bb8a",
      "role": 0,
      "joined_at": null,
      "left_at": null,
      "is_active": true,
      "created_at": "2025-09-11T00:00:00Z",
      "updated_at": "2025-09-11T00:00:00Z"
    }
  },
  {
    "model": "api.membership",
    "pk": "15b0ae2a-a475-55e5-8a4b-064a0944f9bb",
    "fields": {
      "person": "fa4779bc-831c-5e24-b687-60ee2bd79919",
      "team": "277f9e4f-0a3c-5d1b-8194-5bb47780bb8a",
      "role": 0,
      "joined_at": null,
      "left_at": null,
      "is_active": true,
      "created_at": "2025-09-11T00:00:00Z",
      "updated_at": "2025-09-11T00:00:00Z"
    }
  },
  {
    "model": "api.membership",
    "pk": "254aec82-0098-51d6-8253-31059ae6e252",
    "fields": {
      "person": "a868512f-335f-532a-b941-5acca2b9c27f",
      "team": "277f9e4f-0a3c-5d1b-8194-5bb47780bb8a",
      "role": 0,
      "joined_at": null,
      "left_at": null,
      "is_active": true,
      "created_at": "2025-09-11T00:00:00Z",
      "updated_at": "2025-09-11T00:00:00Z"
    }
  },
  {
    "model": "api.membership",
    "pk": "27d91a77-e52d-5580-9ab8-81528591fe5d",
    "fields": {
      "person": "a2fa5136-71d4-52d8-8c12-6dfe0c703194",
      "team": "277f9e4f-0a3c-5d1b-8194-5bb47780bb8a",
      "role": 0,
      "joined_at": null,
      "left_at": null,
      "is_active": true,
      "created_at": "2025-09-11T00:00:00Z",
      "updated_at": "2025-09-11T00:00:00Z"
    }
  },
  {
    "model": "api.membership",
    "pk": "39aef795-ab11-5216-ba7f-21353a7bfdce",
    "fields": {
      "person": "b78cdb9a-4098-558a-aef8-6622f77b4195",
      "team": "277f9e4f-0a3c-5d1b-8194-5bb47780bb8a",
      "role": 0,
      "joined_at": null,
      "left_at": null,
      "is_active": true,
      "created_at": "2025-09-11T00:00:00Z",
      "updated_at": "2025-09-11T00:00:00Z"
    }
  },
  {
    "model": "api.membership",
    "pk": "231d1556-d848-52a1-aa43-fa45e5083a80",
    "fields": {
      "person": "d57e5fc9-7244-5da9-a603-720edec6b540",
      "team": "277f9e4f-0a3c-5d1b-8194-5bb47780bb8a",
      "role": 0,
      "joined_at": null,
      "left_at": null,
      "is_active": true,
      "created_at": "2025-09-11T00:00:00Z",
      "updated_at": "2025-09-11T00:00:00Z"
    }
  },
  {
    "model": "api.membership",
    "pk": "6e7ccfe3-168a-53af-ac78-6c1cd2e86f54",
    "fields": {
      "person": "85f0c497-c9e6-5a09-b7d4-775d106beeda",
      "team": "277f9e4f-0a3c-5d1b-8194-5bb47780bb8a",
      "role": 1,
      "joined_at": null,
      "left_at": null,
      "is_active": true,
      "created_at": "2025-09-11T00:00:00Z",
      "updated_at": "2025-09-11T00:00:00Z"
    }
  },
  {
    "model": "api.membership",
    "pk": "791ebc96-9e55-503f-8503-2df26c92623d",
    "fields": {
      "person": "e3d47afd-377c-56e9-9edd-188920201391",
      "team": "277f9e4f-0a3c-5d1b-8194-5bb47780bb8a",
      "role": 0,
      "joined_at": null,
      "left_at": null,
      "is_active": true,
      "created_at": "2025-09-11T00:00:00Z",
      "updated_at": "2025-09-11T00:00:00Z"
    }
  },
  {
    "model": "api.membership",
    "pk": "861c5c40-1d3e-52ff-a0ff-75c46eba2892",
    "fields": {
      "person": "b188f67d-5d28-5392-a639-a61b53de5cdb",
      "team": "277f9e4f-0a3c-5d1b-8194-5bb47780bb8a",
      "role": 0,
      "joined_at": null,
      "left_at": null,
      "is_active": true,
      "created_at": "2025-09-11T00:00:00Z",
      "updated_at": "2025-09-11T00:00:00Z"
    }
  },
  {
    "model": "api.membership",
    "pk": "c68aa26a-acf8-5886-8fbd-ab5b659782f9",
    "fields": {
      "person": "dd3ccb17-a501-55d7-af47-ab422a1d7468",
      "team": "277f9e4f-0a3c-5d1b-8194-5bb47780bb8a",
      "role": 1,
      "joined_at": null,
      "left_at": null,
      "is_active": true,
      "created_at": "2025-09-11T00:00:00Z",
      "updated_at": "2025-09-11T00:00:00Z"
    }
  },
  {
    "model": "api.membership",
    "pk": "8d7d54ff-a710-5144-8e39-9879e59b5c86",
    "fields": {
      "person": "dd3ccb17-a501-55d7-af47-ab422a1d7468",
      "team": "ab7528de-27e0-5111-b501-f66c1376eb2e",
      "role": 1,
      "joined_at": null,
      "left_at": null,
      "is_active": true,
      "created_at": "2025-09-11T00:00:00Z",
      "updated_at": "2025-09-11T00:00:00Z"
    }
  },
  {
    "model": "api.membership",
    "pk": "54ce3c09-3981-5100-bfa5-1251e9517406",
    "fields": {
      "person": "51ea2d90-5e11-56e5-b3e5-df3e10e75852",
      "team": "277f9e4f-0a3c-5d1b-8194-5bb47780bb8a",
      "role": 0,
      "joined_at": null,
      "left_at": null,
      "is_active": true,
      "created_at": "2025-09-11T00:00:00Z",
      "updated_at": "2025-09-11T00:00:00Z"
    }
  },
  {
    "model": "api.membership",
    "pk": "3408bd53-05dd-5304-b519-85e263cd18f1",
    "fields": {
      "person": "920bb154-822c-5cb5-a944-d532707389eb",
      "team": "a51dd10f-e753-5eb5-a789-d5aca26c5463",
      "role": 1,
      "joined_at": null,
      "left_at": null,
      "is_active": true,
      "created_at": "2025-09-11T00:00:00Z",
      "updated_at": "2025-09-11T00:00:00Z"
    }
  },
  {
    "model": "api.membership",
    "pk": "f2fc2d6c-2ace-5a7e-9933-0c54a2e66aa1",
    "fields": {
      "person": "920bb154-822c-5cb5-a944-d532707389eb",
      "team": "bdfb3cef-d260-5174-b351-2c7d3fbfcc99",
      "role": 1,
      "joined_at": null,
      "left_at": null,
      "is_active": true,
      "created_at": "2025-09-11T00:00:00Z",
      "updated_at": "2025-09-11T00:00:00Z"
    }
  },
  {
    "model": "api.membership",
    "pk": "d94adf99-6dfb-55e8-909b-c9a7bcb1dad5",
    "fields": {
      "person": "920bb154-822c-5cb5-a944-d532707389eb",
      "team": "462aa9d5-9226-5d16-b7f8-7d5633715b31",
      "role": 1,
      "joined_at": null,
      "left_at": null,
      "is_active": true,
      "created_at": "2025-09-11T00:00:00Z",
      "updated_at": "2025-09-11T00:00:00Z"
    }
  },
  {
    "model": "api.membership",
    "pk": "9e8ef596-fb8d-56f2-92b4-f5813a37b87a",
    "fields": {
      "person": "be5fdf54-a19f-5c9b-9989-43d46df4bc1d",
      "team": "c6c67fd9-84ed-573c-a65b-2fb659227877",
      "role": 1,
      "joined_at": null,
      "left_at": null,
      "is_active": true,
      "created_at": "2025-09-11T00:00:00Z",
      "updated_at": "2025-09-11T00:00:00Z"
    }
  },
  {
    "model": "api.membership",
    "pk": "a4a64ce3-b593-5a29-9c60-f33d9d09f017",
    "fields": {
      "person": "e3eef854-2aa6-5153-8d9f-f55e6b7c9ec8",
      "team": "5ffdfd7a-a4af-5bce-aa4f-c969f328d4d4",
      "role": 1,
      "joined_at": null,
      "left_at": null,
      "is_active": true,
      "created_at": "2025-09-11T00:00:00Z",
      "updated_at": "2025-09-11T00:00:00Z"
    }
  },
  {
    "model": "api.membership",
    "pk": "b3f7e75f-d3b5-5aeb-a757-c815a32abe3d",
    "fields": {
      "person": "a0ad76c2-458d-5bdf-9f8a-2d80e813f41b",
      "team": "277f9e4f-0a3c-5d1b-8194-5bb47780bb8a",
      "role": 0,
      "joined_at": null,
      "left_at": null,
      "is_active": true,
      "created_at": "2025-09-11T00:00:00Z",
      "updated_at": "2025-09-11T00:00:00Z"
    }
  },
  {
    "model": "api.membership",
    "pk": "d83a1a59-f4d3-5095-85a4-4845fd3d1cdb",
    "fields": {
      "person": "b7220aef-8c85-5a0f-b9fd-b62c3ce59a32",
      "team": "277f9e4f-0a3c-5d1b-8194-5bb47780bb8a",
      "role": 1,
      "joined_at": null,
      "left_at": null,
      "is_active": true,
      "created_at": "2025-09-11T00:00:00Z",
      "updated_at": "2025-09-11T00:00:00Z"
    }
  },
  {
    "model": "api.membership",
    "pk": "305d2ca7-a776-5ecf-960e-b714a9908c7b",
    "fields": {
      "person": "1789fa63-225c-51b5-b393-01c50b36a4d7",
      "team": "061d1781-bec6-5a73-ba08-3f4db0fba596",
      "role": 1,
      "joined_at": null,
      "left_at": null,
      "is_active": true,
      "created_at": "2025-09-11T00:00:00Z",
      "updated_at": "2025-09-11T00:00:00Z"
    }
  },
  {
    "model": "api.membership",
    "pk": "67cfb2be-98ab-5737-911a-3a9e0ab34ae1",
    "fields": {
      "person": "357f1611-5ce1-534f-b78e-00337e3462ba",
      "team": "277f9e4f-0a3c-5d1b-8194-5bb47780bb8a",
      "role": 0,
      "joined_at": null,
      "left_at": null,
      "is_active": true,
      "created_at": "2025-09-11T00:00:00Z",
      "updated_at": "2025-09-11T00:00:00Z"
    }
  },
  {
    "model": "api.membership",
    "pk": "c6fc7dc4-2f8d-594b-af34-1dca6a9add13",
    "fields": {
      "person": "9ac562dc-1dc7-5429-9b3a-55c864f72984",
      "team": "659efaa2-7e70-5561-84e0-20ea8690d734",
      "role": 1,
      "joined_at": null,
      "left_at": null,
      "is_active": true,
      "created_at": "2025-09-11T00:00:00Z",
      "updated_at": "2025-09-11T00:00:00Z"
    }
  },
  {
    "model": "api.membership",
    "pk": "fc230feb-2892-5ceb-81de-35066a4853e2",
    "fields": {
      "person": "9ac562dc-1dc7-5429-9b3a-55c864f72984",
      "team": "1a9937b7-452c-505e-9498-c4785d43ec11",
      "role": 1,
      "joined_at": null,
      "left_at": null,
      "is_active": true,
      "created_at": "2025-09-11T00:00:00Z",
      "updated_at": "2025-09-11T00:00:00Z"
    }
  },
  {
    "model": "api.membership",
    "pk": "72741459-105a-5b13-93e7-aa1572675b1c",
    "fields": {
      "person": "ea165fa2-3960-5a93-8f78-aecb1c266692",
      "team": "0ba6e831-63e9-54e4-8650-7caba9643dc6",
      "role": 1,
      "joined_at": null,
      "left_at": null,
      "is_active": true,
      "created_at": "2025-09-11T00:00:00Z",
      "updated_at": "2025-09-11T00:00:00Z"
    }
  },
  {
    "model": "api.membership",
    "pk": "a3971916-a93a-5cb2-9b09-522dcd53de66",
    "fields": {
      "person": "35ea30b5-80c5-5797-b534-2a504849cc5f",
      "team": "277f9e4f-0a3c-5d1b-8194-5bb47780bb8a",
      "role": 0,
      "joined_at": null,
      "left_at": null,
      "is_active": true,
      "created_at": "2025-09-11T00:00:00Z",
      "updated_at": "2025-09-11T00:00:00Z"
    }
  },
  {
    "model": "api.membership",
    "pk": "1edd7427-81d0-5083-9c1e-ae637cc2d61a",
    "fields": {
      "person": "1cc71830-c360-5a88-a360-9bc5d4a282b4",
      "team": "277f9e4f-0a3c-5d1b-8194-5bb47780bb8a",
      "role": 1,
      "joined_at": null,
      "left_at": null,
      "is_active": true,
      "created_at": "2025-09-11T00:00:00Z",
      "updated_at": "2025-09-11T00:00:00Z"
    }
  },
  {
    "model": "api.membership",
    "pk": "949e8b3a-3d36-5357-8bbb-08b297942636",
    "fields": {
      "person": "1cc71830-c360-5a88-a360-9bc5d4a282b4",
      "team": "ab7528de-27e0-5111-b501-f66c1376eb2e",
      "role": 1,
      "joined_at": null,
      "left_at": null,
      "is_active": true,
      "created_at": "2025-09-11T00:00:00Z",
      "updated_at": "2025-09-11T00:00:00Z"
    }
  },
  {
    "model": "api.membership",
    "pk": "e4ff7433-9771-5711-84f2-3b88f891403a",
    "fields": {
      "person": "cd2abc65-3975-576d-a730-396f79570881",
      "team": "f7c31dd7-91f5-5925-b09c-afb4b2ff7e03",
      "role": 1,
      "joined_at": null,
      "left_at": null,
      "is_active": true,
      "created_at": "2025-09-11T00:00:00Z",
      "updated_at": "2025-09-11T00:00:00Z"
    }
  },
  {
    "model": "api.membership",
    "pk": "f38cc313-4b64-5de3-abc7-354533805fb6",
    "fields": {
      "person": "a03d6377-00aa-5ab1-a475-78e24648d26a",
      "team": "277f9e4f-0a3c-5d1b-8194-5bb47780bb8a",
      "role": 1,
      "joined_at": null,
      "left_at": null,
      "is_active": true,
      "created_at": "2025-09-11T00:00:00Z",
      "updated_at": "2025-09-11T00:00:00Z"
    }
  },
  {
    "model": "api.membership",
    "pk": "f10ba95d-ce1f-593c-aa6a-8c43aa6128b1",
    "fields": {
      "person": "a03d6377-00aa-5ab1-a475-78e24648d26a",
      "team": "56a9ba85-464b-5fbc-be3a-a23da04aae7a",
      "role": 1,
      "joined_at": null,
      "left_at": null,
      "is_active": true,
      "created_at": "2025-09-11T00:00:00Z",
      "updated_at": "2025-09-11T00:00:00Z"
    }
  },
  {
    "model": "api.membership",
    "pk": "159c4cea-1e9f-5060-98ad-899dfe84141a",
    "fields": {
      "person": "a03d6377-00aa-5ab1-a475-78e24648d26a",
      "team": "a51dd10f-e753-5eb5-a789-d5aca26c5463",
      "role": 1,
      "joined_at": null,
      "left_at": null,
      "is_active": true,
      "created_at": "2025-09-11T00:00:00Z",
      "updated_at": "2025-09-11T00:00:00Z"
    }
  },
  {
    "model": "api.membership",
    "pk": "6f9ca110-5fb6-5b23-8002-33b8629db7bc",
    "fields": {
      "person": "a03d6377-00aa-5ab1-a475-78e24648d26a",
      "team": "02d30495-22f8-5ecb-bdae-189cb0a990be",
      "role": 1,
      "joined_at": null,
      "left_at": null,
      "is_active": true,
      "created_at": "2025-09-11T00:00:00Z",
      "updated_at": "2025-09-11T00:00:00Z"
    }
  },
  {
    "model": "api.membership",
    "pk": "e221949e-6af4-54d6-bb78-60f848be1c9e",
    "fields": {
      "person": "a03d6377-00aa-5ab1-a475-78e24648d26a",
      "team": "31cdd1f9-0deb-557e-afe4-97ac1be1e56b",
      "role": 1,
      "joined_at": null,
      "left_at": null,
      "is_active": true,
      "created_at": "2025-09-11T00:00:00Z",
      "updated_at": "2025-09-11T00:00:00Z"
    }
  },
  {
    "model": "api.membership",
    "pk": "8e4c3e42-238e-5ada-a628-bb9f7988e3c2",
    "fields": {
      "person": "a03d6377-00aa-5ab1-a475-78e24648d26a",
      "team": "0b80e843-95b0-5a70-bf12-b7531a98d947",
      "role": 1,
      "joined_at": null,
      "left_at": null,
      "is_active": true,
      "created_at": "2025-09-11T00:00:00Z",
      "updated_at": "2025-09-11T00:00:00Z"
    }
  },
  {
    "model": "api.membership",
    "pk": "a2c3d860-2b87-5d89-a3c8-bb0397bd8a1f",
    "fields": {
      "person": "3ca10a38-1a6b-5f82-b5ff-d44a6bbbeba1",
      "team": "85ccb0d2-5080-5c8f-8bf5-b1c560c94eea",
      "role": 1,
      "joined_at": null,
      "left_at": null,
      "is_active": true,
      "created_at": "2025-09-11T00:00:00Z",
      "updated_at": "2025-09-11T00:00:00Z"
    }
  },
  {
    "model": "api.membership",
    "pk": "167a03d6-fb71-55a7-9fd7-51f0f7b1bb83",
    "fields": {
      "person": "63641878-97fe-5813-8fab-657a58031803",
      "team": "ebb4b558-d6dd-58c8-a1ef-4746d31baa0c",
      "role": 1,
      "joined_at": null,
      "left_at": null,
      "is_active": true,
      "created_at": "2025-09-11T00:00:00Z",
      "updated_at": "2025-09-11T00:00:00Z"
    }
  },
  {
    "model": "api.membership",
    "pk": "e5548739-806f-5e2a-99cf-2f22a59fc441",
    "fields": {
      "person": "ac78b80d-0d3c-5dd6-9815-247bb89da9c8",
      "team": "f7822339-e256-52fd-915a-d32a10af31f7",
      "role": 0,
      "joined_at": null,
      "left_at": null,
      "is_active": true,
      "created_at": "2025-09-11T00:00:00Z",
      "updated_at": "2025-09-11T00:00:00Z"
    }
  },
  {
    "model": "api.membership",
    "pk": "ba641bac-2575-551f-8e08-1a288ee5db89",
    "fields": {
      "person": "31f35985-ac6e-5fe1-93b6-96c3926b090d",
      "team": "f7822339-e256-52fd-915a-d32a10af31f7",
      "role": 1,
      "joined_at": null,
      "left_at": null,
      "is_active": true,
      "created_at": "2025-09-11T00:00:00Z",
      "updated_at": "2025-09-11T00:00:00Z"
    }
  },
  {
    "model": "api.membership",
    "pk": "4794fcef-7267-5ea8-a09b-db6ac0999d78",
    "fields": {
      "person": "908d0432-e6f7-5773-b6f0-14453b0b31e3",
      "team": "ab7528de-27e0-5111-b501-f66c1376eb2e",
      "role": 0,
      "joined_at": null,
      "left_at": null,
      "is_active": true,
      "created_at": "2025-09-11T00:00:00Z",
      "updated_at": "2025-09-11T00:00:00Z"
    }
  }
]